position,season,games_played_season,fantasy_points,player_type,points_per_game,position_rank,position_percentile
QB,2020,16.0,762.26,offensive,47.64,1.0,1.0
QB,2020,15.0,670.4000000000001,offensive,44.69,2.0,0.990909090909091
QB,2020,16.0,697.06,offensive,43.57,3.0,0.9727272727272728
QB,2020,5.0,214.64,offensive,42.93,4.0,0.9636363636363636
QB,2020,16.0,671.78,offensive,41.99,5.0,0.9363636363636364
QB,2020,16.0,651.9200000000001,offensive,40.75,6.0,0.9
QB,2020,16.0,621.32,offensive,38.83,7.0,0.8545454545454545
QB,2020,15.0,562.8399999999999,offensive,37.52,8.0,0.8090909090909091
QB,2020,16.0,597.36,offensive,37.34,9.0,0.8
QB,2020,16.0,576.74,offensive,36.05,10.0,0.7363636363636363
QB,2020,16.0,568.2,offensive,35.51,11.0,0.7181818181818181
QB,2020,14.0,487.1,offensive,34.79,12.0,0.7090909090909091
QB,2020,15.0,519.22,offensive,34.61,13.0,0.7
QB,2020,11.0,350.12,offensive,31.83,14.0,0.6
QB,2020,9.0,283.66,offensive,31.52,15.0,0.5772727272727273
QB,2020,16.0,482.44,offensive,30.15,16.0,0.509090909090909
QB,2020,16.0,480.12,offensive,30.01,17.0,0.4818181818181818
QB,2020,16.0,462.56,offensive,28.91,18.0,0.41818181818181815
QB,2020,16.0,447.62,offensive,27.98,19.0,0.35454545454545455
QB,2020,9.0,246.74,offensive,27.42,20.0,0.3
QB,2020,10.0,271.7,offensive,27.17,21.0,0.2636363636363636
QB,2020,10.0,267.72,offensive,26.77,22.0,0.2
TE,2020,15.0,331.76,offensive,22.12,1.0,1.0
TE,2020,15.0,256.6,offensive,17.11,2.0,0.9757575757575757
TE,2020,16.0,271.6,offensive,16.98,3.0,0.9696969696969697
TE,2020,13.0,182.3,offensive,14.02,4.0,0.9212121212121213
TE,2020,14.0,191.2,offensive,13.66,5.0,0.9121212121212121
TE,2020,4.0,50.6,offensive,12.65,6.0,0.8787878787878788
TE,2020,15.0,179.1,offensive,11.94,7.0,0.8484848484848485
TE,2020,15.0,172.4,offensive,11.49,8.0,0.8151515151515152
TE,2020,15.0,172.3,offensive,11.49,8.0,0.8151515151515152
TE,2020,16.0,182.3,offensive,11.39,10.0,0.806060606060606
TE,2020,6.0,63.9,offensive,10.65,11.0,0.7393939393939394
TE,2020,16.0,170.3,offensive,10.64,12.0,0.7333333333333333
TE,2020,16.0,168.62,offensive,10.54,13.0,0.7242424242424242
TE,2020,12.0,126.5,offensive,10.54,13.0,0.7242424242424242
TE,2020,9.0,92.8,offensive,10.31,15.0,0.696969696969697
TE,2020,10.0,102.9,offensive,10.29,16.0,0.6909090909090909
TE,2020,16.0,161.1,offensive,10.07,17.0,0.6484848484848484
TE,2020,14.0,140.8,offensive,10.06,18.0,0.6424242424242425
TE,2020,11.0,109.1,offensive,9.92,19.0,0.6242424242424243
TE,2020,15.0,141.8,offensive,9.45,20.0,0.593939393939394
TE,2020,14.0,131.3,offensive,9.38,21.0,0.5878787878787879
TE,2020,13.0,115.5,offensive,8.88,22.0,0.5515151515151515
TE,2020,8.0,70.5,offensive,8.81,23.0,0.5333333333333333
TE,2020,5.0,44.0,offensive,8.8,24.0,0.5272727272727272
TE,2020,12.0,103.2,offensive,8.6,25.0,0.509090909090909
TE,2020,5.0,40.9,offensive,8.18,26.0,0.4727272727272727
TE,2020,16.0,127.5,offensive,7.97,27.0,0.45454545454545453
TE,2020,5.0,39.5,offensive,7.9,28.0,0.4484848484848485
TE,2020,14.0,109.8,offensive,7.84,29.0,0.43636363636363634
TE,2020,4.0,30.1,offensive,7.52,30.0,0.3939393939393939
TE,2020,11.0,78.7,offensive,7.15,31.0,0.33636363636363636
TE,2020,7.0,50.0,offensive,7.14,32.0,0.32727272727272727
TE,2020,10.0,69.9,offensive,6.99,33.0,0.2727272727272727
WR,2020,14.0,453.4,offensive,32.39,1.0,1.0
WR,2020,15.0,419.9,offensive,27.99,2.0,0.9954545454545455
WR,2020,14.0,312.5,offensive,22.32,3.0,0.9590909090909091
WR,2020,14.0,303.5,offensive,21.68,4.0,0.9454545454545454
WR,2020,11.0,227.9,offensive,20.72,5.0,0.9090909090909091
WR,2020,16.0,330.6,offensive,20.66,6.0,0.9045454545454545
WR,2020,15.0,287.5,offensive,19.17,7.0,0.85
WR,2020,16.0,300.3,offensive,18.77,8.0,0.8318181818181818
WR,2020,16.0,293.6,offensive,18.35,9.0,0.8272727272727273
WR,2020,16.0,281.4,offensive,17.59,10.0,0.8045454545454546
WR,2020,12.0,206.0,offensive,17.17,11.0,0.7863636363636364
WR,2020,7.0,117.0,offensive,16.71,12.0,0.759090909090909
WR,2020,14.0,227.1,offensive,16.22,13.0,0.7363636363636363
WR,2020,16.0,256.2,offensive,16.01,14.0,0.7136363636363636
WR,2020,16.0,255.5,offensive,15.97,15.0,0.7045454545454546
WR,2020,16.0,251.8,offensive,15.74,16.0,0.6681818181818182
WR,2020,12.0,187.02,offensive,15.58,17.0,0.6590909090909091
WR,2020,16.0,238.8,offensive,14.92,18.0,0.6
WR,2020,16.0,229.1,offensive,14.32,19.0,0.5590909090909091
WR,2020,15.0,214.3,offensive,14.29,20.0,0.5477272727272727
WR,2020,15.0,213.8,offensive,14.25,21.0,0.5386363636363637
WR,2020,16.0,227.6,offensive,14.23,22.0,0.5318181818181819
WR,2020,7.0,97.82,offensive,13.97,23.0,0.5022727272727273
WR,2020,5.0,69.80000000000001,offensive,13.96,24.0,0.4954545454545455
WR,2020,16.0,222.9,offensive,13.93,25.0,0.4909090909090909
WR,2020,16.0,215.1,offensive,13.44,26.0,0.4681818181818182
WR,2020,16.0,213.0,offensive,13.31,27.0,0.44545454545454544
WR,2020,15.0,197.6,offensive,13.17,28.0,0.425
WR,2020,10.0,128.3,offensive,12.83,29.0,0.38636363636363635
WR,2020,13.0,164.9,offensive,12.68,30.0,0.36818181818181817
WR,2020,14.0,172.3,offensive,12.31,31.0,0.3181818181818182
WR,2020,16.0,194.8,offensive,12.18,32.0,0.3
WR,2020,8.0,96.8,offensive,12.1,33.0,0.2818181818181818
WR,2020,16.0,191.7,offensive,11.98,34.0,0.25
WR,2020,15.0,178.8,offensive,11.92,35.0,0.23636363636363636
WR,2020,15.0,177.5,offensive,11.83,36.0,0.225
WR,2020,15.0,176.2,offensive,11.75,37.0,0.20909090909090908
WR,2020,14.0,164.4,offensive,11.74,38.0,0.20454545454545456
WR,2020,14.0,162.3,offensive,11.59,39.0,0.18409090909090908
WR,2020,14.0,161.70000000000002,offensive,11.55,40.0,0.17272727272727273
WR,2020,6.0,68.80000000000001,offensive,11.47,41.0,0.16363636363636364
WR,2020,14.0,159.1,offensive,11.36,42.0,0.15454545454545454
WR,2020,15.0,167.10000000000002,offensive,11.14,43.0,0.12272727272727273
WR,2020,8.0,88.0,offensive,11.0,44.0,0.09545454545454546
RB,2020,15.0,350.8,offensive,23.39,1.0,0.9954545454545455
RB,2020,14.0,293.8,offensive,20.99,2.0,0.9772727272727273
RB,2020,16.0,310.1,offensive,19.38,3.0,0.9545454545454546
RB,2020,9.0,157.4,offensive,17.49,4.0,0.925
RB,2020,14.0,231.9,offensive,16.56,5.0,0.8954545454545455
RB,2020,14.0,231.4,offensive,16.53,6.0,0.8909090909090909
RB,2020,10.0,161.7,offensive,16.17,7.0,0.8772727272727273
RB,2020,12.0,188.8,offensive,15.73,8.0,0.8545454545454545
RB,2020,15.0,232.8,offensive,15.52,9.0,0.8340909090909091
RB,2020,6.0,90.6,offensive,15.1,10.0,0.8
RB,2020,16.0,236.50000000000003,offensive,14.78,11.0,0.7909090909090909
RB,2020,10.0,146.8,offensive,14.68,12.0,0.7818181818181819
RB,2020,6.0,83.1,offensive,13.85,13.0,0.7204545454545455
RB,2020,9.0,120.4,offensive,13.38,14.0,0.6772727272727272
RB,2020,15.0,198.3,offensive,13.22,15.0,0.6590909090909091
RB,2020,13.0,168.8,offensive,12.98,16.0,0.6272727272727273
RB,2020,12.0,154.8,offensive,12.9,17.0,0.6181818181818182
RB,2020,15.0,185.7,offensive,12.38,18.0,0.5954545454545455
RB,2020,13.0,159.3,offensive,12.25,19.0,0.5772727272727273
RB,2020,14.0,169.5,offensive,12.11,20.0,0.5727272727272728
RB,2020,14.0,168.4,offensive,12.03,21.0,0.5613636363636364
RB,2020,13.0,154.5,offensive,11.88,22.0,0.5363636363636364
RB,2020,10.0,116.6,offensive,11.66,23.0,0.509090909090909
RB,2020,13.0,150.0,offensive,11.54,24.0,0.4909090909090909
RB,2020,12.0,136.4,offensive,11.37,25.0,0.47045454545454546
RB,2020,16.0,176.2,offensive,11.01,26.0,0.45454545454545453
RB,2020,15.0,163.2,offensive,10.88,27.0,0.4409090909090909
RB,2020,11.0,113.2,offensive,10.29,28.0,0.41363636363636364
RB,2020,8.0,82.2,offensive,10.28,29.0,0.4090909090909091
RB,2020,8.0,80.30000000000001,offensive,10.04,30.0,0.375
RB,2020,16.0,159.0,offensive,9.94,31.0,0.35
RB,2020,10.0,96.7,offensive,9.67,32.0,0.3
RB,2020,14.0,132.2,offensive,9.44,33.0,0.24545454545454545
RB,2020,6.0,56.00000000000001,offensive,9.33,34.0,0.2340909090909091
RB,2020,12.0,109.1,offensive,9.09,35.0,0.20909090909090908
RB,2020,16.0,145.1,offensive,9.07,36.0,0.20454545454545456
RB,2020,15.0,123.9,offensive,8.26,37.0,0.1409090909090909
RB,2020,15.0,123.20000000000002,offensive,8.21,38.0,0.1340909090909091
RB,2020,14.0,113.6,offensive,8.11,39.0,0.12045454545454545
RB,2020,9.0,72.3,offensive,8.03,40.0,0.10909090909090909
RB,2020,12.0,96.0,offensive,8.0,41.0,0.10454545454545454
RB,2020,16.0,125.4,offensive,7.84,42.0,0.08636363636363636
RB,2020,6.0,46.0,offensive,7.67,43.0,0.06363636363636363
RB,2020,13.0,99.6,offensive,7.66,44.0,0.056818181818181816
IDP,2020,16.0,428.25,defensive,26.77,1.0,0.9090909090909091
IDP,2020,6.0,142.0,defensive,23.67,2.0,0.7090909090909091
IDP,2020,17.0,401.25,defensive,23.6,3.0,0.7
IDP,2020,18.0,408.5,defensive,22.69,4.0,0.6545454545454545
IDP,2020,16.0,358.75,defensive,22.42,5.0,0.6272727272727273
IDP,2020,18.0,398.0,defensive,22.11,6.0,0.6090909090909091
IDP,2020,10.0,216.25,defensive,21.62,7.0,0.5909090909090909
IDP,2020,14.0,300.75,defensive,21.48,8.0,0.5636363636363636
IDP,2020,13.0,276.5,defensive,21.27,9.0,0.55
IDP,2020,16.0,335.5,defensive,20.97,10.0,0.4909090909090909
IDP,2020,15.0,306.5,defensive,20.43,11.0,0.38181818181818183
IDP,2020,18.0,364.0,defensive,20.22,12.0,0.33636363636363636
IDP,2020,15.0,300.5,defensive,20.03,13.0,0.3090909090909091
IDP,2020,18.0,353.75,defensive,19.65,14.0,0.20909090909090908
IDP,2020,16.0,310.0,defensive,19.38,15.0,0.1590909090909091
IDP,2020,16.0,308.0,defensive,19.25,16.0,0.1318181818181818
IDP,2020,13.0,250.0,defensive,19.23,17.0,0.11818181818181818
IDP,2020,15.0,278.25,defensive,18.55,18.0,0.045454545454545456
IDP,2020,13.0,240.75,defensive,18.52,19.0,0.03636363636363636
IDP,2020,16.0,293.5,defensive,18.34,20.0,0.02727272727272727
IDP,2020,16.0,289.75,defensive,18.11,21.0,0.01818181818181818
IDP,2020,17.0,306.0,defensive,18.0,22.0,0.00909090909090909
K,2020,15.0,171.0,kicker,11.4,1.0,0.9636363636363636
K,2020,16.0,177.0,kicker,11.06,2.0,0.9318181818181818
K,2020,16.0,155.0,kicker,9.69,3.0,0.7863636363636364
K,2020,16.0,153.0,kicker,9.56,4.0,0.7545454545454545
K,2020,7.0,65.0,kicker,9.29,5.0,0.6818181818181818
K,2020,15.0,139.0,kicker,9.27,6.0,0.6727272727272727
K,2020,16.0,148.0,kicker,9.25,7.0,0.6636363636363637
K,2020,16.0,145.0,kicker,9.06,8.0,0.5863636363636363
K,2020,16.0,144.0,kicker,9.0,9.0,0.5636363636363636
K,2020,16.0,141.0,kicker,8.81,10.0,0.5227272727272727
K,2020,16.0,139.0,kicker,8.69,11.0,0.4909090909090909
K,2020,16.0,138.0,kicker,8.62,12.0,0.4636363636363636
K,2020,16.0,135.0,kicker,8.44,13.0,0.35909090909090907
K,2020,16.0,131.0,kicker,8.19,14.0,0.21818181818181817
K,2020,16.0,130.0,kicker,8.12,15.0,0.18181818181818182
K,2020,12.0,97.0,kicker,8.08,16.0,0.16818181818181818
K,2020,16.0,129.0,kicker,8.06,17.0,0.14545454545454545
K,2020,15.0,118.0,kicker,7.87,18.0,0.07272727272727272
K,2020,12.0,93.0,kicker,7.75,19.0,0.03636363636363636
K,2020,16.0,122.0,kicker,7.62,20.0,0.02727272727272727
K,2020,16.0,121.0,kicker,7.56,21.0,0.01818181818181818
K,2020,4.0,30.0,kicker,7.5,22.0,0.00909090909090909
D/ST,2020,16.0,151.0,team_defense,9.44,1.0,0.9454545454545454
D/ST,2020,16.0,146.0,team_defense,9.12,2.0,0.9136363636363637
D/ST,2020,16.0,136.0,team_defense,8.5,3.0,0.8454545454545455
D/ST,2020,16.0,134.0,team_defense,8.38,4.0,0.8
D/ST,2020,16.0,133.0,team_defense,8.31,5.0,0.7909090909090909
D/ST,2020,16.0,125.0,team_defense,7.81,6.0,0.6272727272727273
D/ST,2020,16.0,123.0,team_defense,7.69,7.0,0.5863636363636363
D/ST,2020,16.0,123.0,team_defense,7.69,7.0,0.5863636363636363
D/ST,2020,16.0,122.0,team_defense,7.62,9.0,0.5727272727272728
D/ST,2020,16.0,121.0,team_defense,7.56,10.0,0.5454545454545454
D/ST,2020,16.0,120.0,team_defense,7.5,11.0,0.5
D/ST,2020,16.0,115.0,team_defense,7.19,12.0,0.37272727272727274
D/ST,2020,16.0,111.0,team_defense,6.94,13.0,0.2818181818181818
D/ST,2020,16.0,107.0,team_defense,6.69,14.0,0.19090909090909092
D/ST,2020,16.0,106.0,team_defense,6.62,15.0,0.15454545454545454
D/ST,2020,16.0,105.0,team_defense,6.56,16.0,0.12727272727272726
D/ST,2020,16.0,104.0,team_defense,6.5,17.0,0.09090909090909091
D/ST,2020,16.0,102.0,team_defense,6.38,18.0,0.07727272727272727
D/ST,2020,16.0,102.0,team_defense,6.38,18.0,0.07727272727272727
D/ST,2020,16.0,100.0,team_defense,6.25,20.0,0.02727272727272727
D/ST,2020,16.0,98.0,team_defense,6.12,21.0,0.01818181818181818
D/ST,2020,16.0,96.0,team_defense,6.0,22.0,0.00909090909090909
QB,2021,17.0,716.74,offensive,42.16,1.0,0.9454545454545454
QB,2021,17.0,674.5799999999999,offensive,39.68,2.0,0.8909090909090909
QB,2021,17.0,672.76,offensive,39.57,3.0,0.8818181818181818
QB,2021,14.0,550.3199999999999,offensive,39.31,4.0,0.8636363636363636
QB,2021,17.0,647.74,offensive,38.1,5.0,0.8363636363636363
QB,2021,17.0,643.6600000000001,offensive,37.86,6.0,0.8272727272727273
QB,2021,16.0,593.0600000000001,offensive,37.07,7.0,0.7909090909090909
QB,2021,16.0,578.24,offensive,36.14,8.0,0.7454545454545455
QB,2021,15.0,500.44000000000005,offensive,33.36,9.0,0.6727272727272727
QB,2021,14.0,465.78,offensive,33.27,10.0,0.6636363636363637
QB,2021,7.0,227.4,offensive,32.49,11.0,0.6363636363636364
QB,2021,14.0,430.82,offensive,30.77,12.0,0.5545454545454546
QB,2021,5.0,149.42,offensive,29.88,13.0,0.4636363636363636
QB,2021,12.0,357.98,offensive,29.83,14.0,0.44545454545454544
QB,2021,13.0,355.86,offensive,27.37,15.0,0.2909090909090909
QB,2021,17.0,464.02,offensive,27.3,16.0,0.2818181818181818
QB,2021,17.0,428.36,offensive,25.2,17.0,0.11818181818181818
QB,2021,15.0,375.1,offensive,25.01,18.0,0.10909090909090909
QB,2021,17.0,424.96,offensive,25.0,19.0,0.1
QB,2021,14.0,344.67999999999995,offensive,24.62,20.0,0.07272727272727272
QB,2021,15.0,357.12000000000006,offensive,23.81,21.0,0.05454545454545454
QB,2021,14.0,332.5,offensive,23.75,22.0,0.045454545454545456
TE,2021,4.0,68.5,offensive,17.12,1.0,0.9818181818181818
TE,2021,16.0,268.8,offensive,16.8,2.0,0.9636363636363636
TE,2021,17.0,278.1,offensive,16.36,3.0,0.9575757575757575
TE,2021,12.0,188.2,offensive,15.68,4.0,0.9454545454545454
TE,2021,15.0,218.7,offensive,14.58,5.0,0.9272727272727272
TE,2021,16.0,218.3,offensive,13.64,6.0,0.9030303030303031
TE,2021,17.0,222.8,offensive,13.11,7.0,0.8909090909090909
TE,2021,12.0,135.9,offensive,11.32,8.0,0.793939393939394
TE,2021,16.0,173.7,offensive,10.86,9.0,0.7575757575757576
TE,2021,13.0,136.8,offensive,10.52,10.0,0.7151515151515152
TE,2021,12.0,124.3,offensive,10.36,11.0,0.703030303030303
TE,2021,4.0,40.7,offensive,10.18,12.0,0.6727272727272727
TE,2021,14.0,135.9,offensive,9.71,13.0,0.6181818181818182
TE,2021,10.0,96.3,offensive,9.63,14.0,0.6
TE,2021,8.0,71.8,offensive,8.98,15.0,0.5575757575757576
TE,2021,15.0,133.1,offensive,8.87,16.0,0.5454545454545454
TE,2021,16.0,137.3,offensive,8.58,17.0,0.503030303030303
TE,2021,14.0,114.7,offensive,8.19,18.0,0.47878787878787876
TE,2021,14.0,111.8,offensive,7.99,19.0,0.46060606060606063
TE,2021,15.0,112.4,offensive,7.49,20.0,0.3878787878787879
TE,2021,5.0,37.3,offensive,7.46,21.0,0.38181818181818183
TE,2021,6.0,43.0,offensive,7.17,22.0,0.34545454545454546
TE,2021,12.0,85.30000000000001,offensive,7.11,23.0,0.31212121212121213
TE,2021,8.0,56.400000000000006,offensive,7.05,24.0,0.2787878787878788
TE,2021,9.0,62.2,offensive,6.91,25.0,0.2545454545454545
TE,2021,10.0,67.9,offensive,6.79,26.0,0.22424242424242424
TE,2021,10.0,67.0,offensive,6.7,27.0,0.2
TE,2021,17.0,111.3,offensive,6.55,28.0,0.18181818181818182
TE,2021,17.0,110.6,offensive,6.51,29.0,0.17575757575757575
TE,2021,17.0,108.0,offensive,6.35,30.0,0.16363636363636364
TE,2021,15.0,93.6,offensive,6.24,31.0,0.13333333333333333
TE,2021,12.0,73.0,offensive,6.08,32.0,0.11818181818181818
TE,2021,14.0,83.9,offensive,5.99,33.0,0.10303030303030303
WR,2021,17.0,474.5,offensive,27.91,1.0,0.990909090909091
WR,2021,14.0,337.3,offensive,24.09,2.0,0.9772727272727273
WR,2021,16.0,350.5,offensive,21.91,3.0,0.95
WR,2021,17.0,365.6,offensive,21.51,4.0,0.9363636363636364
WR,2021,16.0,329.16,offensive,20.57,5.0,0.8954545454545455
WR,2021,10.0,201.2,offensive,20.12,6.0,0.8818181818181818
WR,2021,17.0,338.40000000000003,offensive,19.91,7.0,0.8727272727272727
WR,2021,13.0,246.8,offensive,18.98,8.0,0.8409090909090909
WR,2021,17.0,307.3,offensive,18.08,9.0,0.8227272727272728
WR,2021,17.0,288.5,offensive,16.97,10.0,0.7818181818181819
WR,2021,15.0,253.4,offensive,16.89,11.0,0.7727272727272727
WR,2021,17.0,285.5,offensive,16.79,12.0,0.7636363636363637
WR,2021,14.0,224.4,offensive,16.03,13.0,0.7181818181818181
WR,2021,13.0,207.9,offensive,15.99,14.0,0.7090909090909091
WR,2021,16.0,255.4,offensive,15.96,15.0,0.7
WR,2021,14.0,222.4,offensive,15.89,16.0,0.6954545454545454
WR,2021,17.0,262.1,offensive,15.42,17.0,0.6454545454545455
WR,2021,9.0,136.2,offensive,15.13,18.0,0.6181818181818182
WR,2021,4.0,60.3,offensive,15.08,19.0,0.6136363636363636
WR,2021,14.0,200.4,offensive,14.31,20.0,0.5545454545454546
WR,2021,13.0,178.5,offensive,13.73,21.0,0.4863636363636364
WR,2021,11.0,147.2,offensive,13.38,22.0,0.4590909090909091
WR,2021,16.0,213.8,offensive,13.36,23.0,0.45454545454545453
WR,2021,17.0,212.6,offensive,12.51,24.0,0.35
WR,2021,11.0,137.3,offensive,12.48,25.0,0.3431818181818182
WR,2021,5.0,62.1,offensive,12.42,26.0,0.33636363636363636
WR,2021,15.0,186.0,offensive,12.4,27.0,0.33181818181818185
WR,2021,16.0,197.3,offensive,12.33,28.0,0.32272727272727275
WR,2021,15.0,183.0,offensive,12.2,29.0,0.30454545454545456
WR,2021,7.0,84.5,offensive,12.07,30.0,0.2681818181818182
WR,2021,14.0,168.82,offensive,12.06,31.0,0.2636363636363636
WR,2021,9.0,107.2,offensive,11.91,32.0,0.2318181818181818
WR,2021,16.0,189.3,offensive,11.83,33.0,0.225
WR,2021,11.0,127.6,offensive,11.6,34.0,0.19090909090909092
WR,2021,15.0,172.60000000000002,offensive,11.51,35.0,0.16818181818181818
WR,2021,5.0,56.400000000000006,offensive,11.28,36.0,0.14772727272727273
WR,2021,17.0,191.5,offensive,11.26,37.0,0.1409090909090909
WR,2021,6.0,66.9,offensive,11.15,38.0,0.12727272727272726
WR,2021,8.0,88.7,offensive,11.09,39.0,0.11136363636363636
WR,2021,17.0,188.5,offensive,11.09,39.0,0.11136363636363636
WR,2021,17.0,188.2,offensive,11.07,41.0,0.10454545454545454
WR,2021,14.0,154.9,offensive,11.06,42.0,0.1
WR,2021,17.0,186.62,offensive,10.98,43.0,0.09090909090909091
WR,2021,17.0,186.5,offensive,10.97,44.0,0.08636363636363636
RB,2021,8.0,179.3,offensive,22.41,1.0,0.990909090909091
RB,2021,14.0,308.70000000000005,offensive,22.05,2.0,0.9863636363636363
RB,2021,17.0,353.1,offensive,20.77,3.0,0.9727272727272728
RB,2021,13.0,247.7,offensive,19.05,4.0,0.95
RB,2021,16.0,279.9,offensive,17.49,5.0,0.925
RB,2021,15.0,251.8,offensive,16.79,6.0,0.9045454545454545
RB,2021,15.0,247.0,offensive,16.47,7.0,0.8818181818181818
RB,2021,10.0,156.1,offensive,15.61,8.0,0.85
RB,2021,17.0,262.7,offensive,15.45,9.0,0.8227272727272728
RB,2021,5.0,75.8,offensive,15.16,10.0,0.8068181818181818
RB,2021,14.0,204.6,offensive,14.61,11.0,0.7772727272727272
RB,2021,11.0,158.0,offensive,14.36,12.0,0.759090909090909
RB,2021,8.0,114.1,offensive,14.26,13.0,0.75
RB,2021,15.0,213.1,offensive,14.21,14.0,0.7454545454545455
RB,2021,12.0,169.0,offensive,14.08,15.0,0.740909090909091
RB,2021,12.0,167.00000000000003,offensive,13.92,16.0,0.7272727272727273
RB,2021,12.0,160.8,offensive,13.4,17.0,0.6818181818181818
RB,2021,4.0,53.3,offensive,13.32,18.0,0.6681818181818182
RB,2021,15.0,196.00000000000003,offensive,13.07,19.0,0.6409090909090909
RB,2021,17.0,219.66000000000005,offensive,12.92,20.0,0.6227272727272727
RB,2021,15.0,192.1,offensive,12.81,21.0,0.6136363636363636
RB,2021,7.0,83.8,offensive,11.97,22.0,0.5545454545454546
RB,2021,16.0,191.1,offensive,11.94,23.0,0.55
RB,2021,12.0,142.70000000000002,offensive,11.89,24.0,0.5409090909090909
RB,2021,14.0,164.29999999999998,offensive,11.74,25.0,0.5272727272727272
RB,2021,9.0,105.0,offensive,11.67,26.0,0.5136363636363637
RB,2021,17.0,195.9,offensive,11.52,27.0,0.4863636363636364
RB,2021,6.0,68.2,offensive,11.37,28.0,0.47045454545454546
RB,2021,4.0,42.1,offensive,10.52,29.0,0.4318181818181818
RB,2021,17.0,173.60000000000002,offensive,10.21,30.0,0.40454545454545454
RB,2021,17.0,173.0,offensive,10.18,31.0,0.4
RB,2021,17.0,170.60000000000002,offensive,10.04,32.0,0.375
RB,2021,13.0,129.60000000000002,offensive,9.97,33.0,0.35909090909090907
RB,2021,14.0,138.9,offensive,9.92,34.0,0.3431818181818182
RB,2021,11.0,106.9,offensive,9.72,35.0,0.32272727272727275
RB,2021,9.0,83.60000000000001,offensive,9.29,36.0,0.22272727272727272
RB,2021,17.0,157.8,offensive,9.28,37.0,0.21818181818181817
RB,2021,7.0,59.7,offensive,8.53,38.0,0.16363636363636364
RB,2021,15.0,121.7,offensive,8.11,39.0,0.12045454545454545
RB,2021,17.0,135.3,offensive,7.96,40.0,0.1
RB,2021,5.0,39.7,offensive,7.94,41.0,0.09545454545454546
RB,2021,10.0,77.60000000000001,offensive,7.76,42.0,0.07727272727272727
RB,2021,16.0,122.6,offensive,7.66,43.0,0.056818181818181816
RB,2021,10.0,76.30000000000001,offensive,7.63,44.0,0.05
IDP,2021,16.0,604.5,defensive,37.78,1.0,0.990909090909091
IDP,2021,16.0,462.25,defensive,28.89,2.0,0.9727272727272728
IDP,2021,20.0,518.0,defensive,25.9,3.0,0.8545454545454545
IDP,2021,17.0,427.25,defensive,25.13,4.0,0.8272727272727273
IDP,2021,21.0,515.0,defensive,24.52,5.0,0.7818181818181819
IDP,2021,15.0,362.25,defensive,24.15,6.0,0.7545454545454545
IDP,2021,17.0,391.0,defensive,23.0,7.0,0.6818181818181818
IDP,2021,7.0,160.5,defensive,22.93,8.0,0.6681818181818182
IDP,2021,11.0,246.75,defensive,22.43,9.0,0.6363636363636364
IDP,2021,20.0,444.25,defensive,22.21,10.0,0.6181818181818182
IDP,2021,16.0,353.0,defensive,22.06,11.0,0.6
IDP,2021,16.0,344.5,defensive,21.53,12.0,0.5818181818181818
IDP,2021,10.0,207.25,defensive,20.72,13.0,0.45454545454545453
IDP,2021,18.0,368.25,defensive,20.46,14.0,0.4090909090909091
IDP,2021,16.0,327.25,defensive,20.45,15.0,0.4
IDP,2021,18.0,367.75,defensive,20.43,16.0,0.38181818181818183
IDP,2021,17.0,342.75,defensive,20.16,17.0,0.3181818181818182
IDP,2021,17.0,337.75,defensive,19.87,18.0,0.2636363636363636
IDP,2021,17.0,329.75,defensive,19.4,19.0,0.18181818181818182
IDP,2021,13.0,252.0,defensive,19.38,20.0,0.1590909090909091
IDP,2021,7.0,134.5,defensive,19.21,21.0,0.10909090909090909
IDP,2021,15.0,285.75,defensive,19.05,22.0,0.07272727272727272
K,2021,17.0,174.0,kicker,10.24,1.0,0.8909090909090909
K,2021,17.0,169.0,kicker,9.94,2.0,0.8454545454545455
K,2021,17.0,168.0,kicker,9.88,3.0,0.8227272727272728
K,2021,16.0,156.0,kicker,9.75,4.0,0.8045454545454546
K,2021,17.0,164.0,kicker,9.65,5.0,0.7727272727272727
K,2021,17.0,160.0,kicker,9.41,6.0,0.7
K,2021,17.0,154.0,kicker,9.06,7.0,0.5863636363636363
K,2021,17.0,154.0,kicker,9.06,7.0,0.5863636363636363
K,2021,16.0,142.0,kicker,8.88,9.0,0.55
K,2021,17.0,151.0,kicker,8.88,9.0,0.55
K,2021,15.0,130.0,kicker,8.67,11.0,0.4772727272727273
K,2021,13.0,111.0,kicker,8.54,12.0,0.43636363636363634
K,2021,6.0,51.0,kicker,8.5,13.0,0.39545454545454545
K,2021,5.0,42.0,kicker,8.4,14.0,0.3181818181818182
K,2021,6.0,50.0,kicker,8.33,15.0,0.2818181818181818
K,2021,17.0,141.0,kicker,8.29,16.0,0.2545454545454545
K,2021,7.0,58.0,kicker,8.29,16.0,0.2545454545454545
K,2021,7.0,58.0,kicker,8.29,16.0,0.2545454545454545
K,2021,12.0,99.0,kicker,8.25,19.0,0.23636363636363636
K,2021,11.0,90.0,kicker,8.18,20.0,0.20454545454545456
K,2021,12.0,98.0,kicker,8.17,21.0,0.19090909090909092
K,2021,5.0,39.0,kicker,7.8,22.0,0.05
D/ST,2021,17.0,164.0,team_defense,9.65,1.0,0.9772727272727273
D/ST,2021,17.0,155.0,team_defense,9.12,2.0,0.9136363636363637
D/ST,2021,17.0,139.0,team_defense,8.18,3.0,0.759090909090909
D/ST,2021,17.0,138.0,team_defense,8.12,4.0,0.7363636363636363
D/ST,2021,17.0,137.0,team_defense,8.06,5.0,0.7045454545454546
D/ST,2021,17.0,137.0,team_defense,8.06,5.0,0.7045454545454546
D/ST,2021,17.0,137.0,team_defense,8.06,5.0,0.7045454545454546
D/ST,2021,17.0,136.0,team_defense,8.0,8.0,0.6772727272727272
D/ST,2021,17.0,134.0,team_defense,7.88,9.0,0.6545454545454545
D/ST,2021,17.0,132.0,team_defense,7.76,10.0,0.6136363636363636
D/ST,2021,17.0,132.0,team_defense,7.76,10.0,0.6136363636363636
D/ST,2021,17.0,131.0,team_defense,7.71,12.0,0.6
D/ST,2021,17.0,128.0,team_defense,7.53,13.0,0.5227272727272727
D/ST,2021,17.0,128.0,team_defense,7.53,13.0,0.5227272727272727
D/ST,2021,17.0,127.0,team_defense,7.47,15.0,0.4772727272727273
D/ST,2021,17.0,126.0,team_defense,7.41,16.0,0.43636363636363634
D/ST,2021,17.0,126.0,team_defense,7.41,16.0,0.43636363636363634
D/ST,2021,17.0,119.0,team_defense,7.0,18.0,0.3090909090909091
D/ST,2021,17.0,116.0,team_defense,6.82,19.0,0.22272727272727272
D/ST,2021,17.0,112.0,team_defense,6.59,20.0,0.1409090909090909
D/ST,2021,17.0,111.0,team_defense,6.53,21.0,0.10909090909090909
D/ST,2021,17.0,108.0,team_defense,6.35,22.0,0.05
QB,2022,17.0,728.4000000000001,offensive,42.85,1.0,0.9545454545454546
QB,2022,16.0,655.52,offensive,40.97,2.0,0.9090909090909091
QB,2022,16.0,618.7,offensive,38.67,3.0,0.8454545454545455
QB,2022,14.0,527.5799999999999,offensive,37.68,4.0,0.8181818181818182
QB,2022,11.0,356.32,offensive,32.39,5.0,0.6272727272727273
QB,2022,13.0,420.92,offensive,32.38,6.0,0.6181818181818182
QB,2022,17.0,535.88,offensive,31.52,7.0,0.5772727272727273
QB,2022,17.0,509.5799999999999,offensive,29.98,8.0,0.4727272727272727
QB,2022,17.0,505.32,offensive,29.72,9.0,0.43636363636363634
QB,2022,17.0,483.62,offensive,28.45,10.0,0.38181818181818183
QB,2022,17.0,467.26,offensive,27.49,11.0,0.3090909090909091
QB,2022,17.0,463.66,offensive,27.27,12.0,0.2727272727272727
QB,2022,15.0,403.08,offensive,26.87,13.0,0.24545454545454545
QB,2022,5.0,134.24,offensive,26.85,14.0,0.23636363636363636
QB,2022,15.0,401.98,offensive,26.8,15.0,0.22727272727272727
QB,2022,11.0,292.52,offensive,26.59,16.0,0.19090909090909092
QB,2022,11.0,290.78000000000003,offensive,26.43,17.0,0.17272727272727273
QB,2022,17.0,437.2,offensive,25.72,18.0,0.14545454545454545
QB,2022,16.0,399.0,offensive,24.94,19.0,0.09090909090909091
QB,2022,6.0,140.32,offensive,23.39,20.0,0.02727272727272727
QB,2022,9.0,210.26,offensive,23.36,21.0,0.01818181818181818
QB,2022,8.0,186.8,offensive,23.35,22.0,0.00909090909090909
TE,2022,17.0,342.3,offensive,20.14,1.0,0.9939393939393939
TE,2022,15.0,268.5,offensive,17.9,2.0,0.9878787878787879
TE,2022,15.0,167.5,offensive,11.17,3.0,0.7878787878787878
TE,2022,10.0,110.6,offensive,11.06,4.0,0.7757575757575758
TE,2022,16.0,172.8,offensive,10.8,5.0,0.7515151515151515
TE,2022,11.0,115.5,offensive,10.5,6.0,0.7090909090909091
TE,2022,15.0,153.7,offensive,10.25,7.0,0.6818181818181818
TE,2022,10.0,101.6,offensive,10.16,8.0,0.6666666666666666
TE,2022,17.0,171.3,offensive,10.08,9.0,0.6575757575757576
TE,2022,6.0,60.2,offensive,10.03,10.0,0.6363636363636364
TE,2022,6.0,59.9,offensive,9.98,11.0,0.6303030303030303
TE,2022,14.0,130.0,offensive,9.29,12.0,0.5818181818181818
TE,2022,15.0,135.7,offensive,9.05,13.0,0.5636363636363636
TE,2022,17.0,149.9,offensive,8.82,14.0,0.5393939393939394
TE,2022,15.0,123.5,offensive,8.23,15.0,0.48787878787878786
TE,2022,9.0,68.8,offensive,7.64,16.0,0.40606060606060607
TE,2022,13.0,93.6,offensive,7.2,17.0,0.3575757575757576
TE,2022,17.0,122.2,offensive,7.19,18.0,0.3515151515151515
TE,2022,4.0,28.5,offensive,7.12,19.0,0.3212121212121212
TE,2022,6.0,42.6,offensive,7.1,20.0,0.30303030303030304
TE,2022,17.0,120.6,offensive,7.09,21.0,0.296969696969697
TE,2022,7.0,48.8,offensive,6.97,22.0,0.26666666666666666
TE,2022,10.0,69.6,offensive,6.96,23.0,0.2606060606060606
TE,2022,16.0,110.0,offensive,6.88,24.0,0.24545454545454545
TE,2022,12.0,81.2,offensive,6.77,25.0,0.21818181818181817
TE,2022,15.0,101.2,offensive,6.75,26.0,0.20909090909090908
TE,2022,4.0,26.700000000000003,offensive,6.68,27.0,0.19393939393939394
TE,2022,15.0,99.2,offensive,6.61,28.0,0.18787878787878787
TE,2022,14.0,89.30000000000001,offensive,6.38,29.0,0.1696969696969697
TE,2022,4.0,25.1,offensive,6.28,30.0,0.14242424242424243
TE,2022,17.0,101.5,offensive,5.97,31.0,0.09696969696969697
TE,2022,17.0,100.9,offensive,5.94,32.0,0.09090909090909091
TE,2022,15.0,88.9,offensive,5.93,33.0,0.08484848484848485
WR,2022,17.0,389.5,offensive,22.91,1.0,0.9681818181818181
WR,2022,12.0,255.4,offensive,21.28,2.0,0.9318181818181818
WR,2022,16.0,336.6,offensive,21.04,3.0,0.9227272727272727
WR,2022,9.0,188.4,offensive,20.93,4.0,0.9181818181818182
WR,2022,17.0,337.6,offensive,19.86,5.0,0.8681818181818182
WR,2022,17.0,324.66,offensive,19.1,6.0,0.8454545454545455
WR,2022,17.0,294.6,offensive,17.33,7.0,0.7954545454545454
WR,2022,17.0,292.2,offensive,17.19,8.0,0.7909090909090909
WR,2022,12.0,200.1,offensive,16.68,9.0,0.7545454545454545
WR,2022,17.0,276.2,offensive,16.25,10.0,0.740909090909091
WR,2022,14.0,226.9,offensive,16.21,11.0,0.7318181818181818
WR,2022,17.0,270.0,offensive,15.88,12.0,0.6909090909090909
WR,2022,16.0,253.3,offensive,15.83,13.0,0.6863636363636364
WR,2022,8.0,116.8,offensive,14.6,14.0,0.5840909090909091
WR,2022,16.0,231.6,offensive,14.48,15.0,0.5727272727272728
WR,2022,17.0,245.3,offensive,14.43,16.0,0.5681818181818182
WR,2022,17.0,243.8,offensive,14.34,17.0,0.5636363636363636
WR,2022,17.0,243.0,offensive,14.29,18.0,0.5477272727272727
WR,2022,10.0,142.0,offensive,14.2,19.0,0.5272727272727272
WR,2022,12.0,169.6,offensive,14.13,20.0,0.5227272727272727
WR,2022,15.0,205.2,offensive,13.68,21.0,0.4772727272727273
WR,2022,8.0,107.4,offensive,13.42,22.0,0.4636363636363636
WR,2022,14.0,185.3,offensive,13.24,23.0,0.43636363636363634
WR,2022,15.0,195.6,offensive,13.04,24.0,0.4
WR,2022,8.0,103.1,offensive,12.89,25.0,0.39090909090909093
WR,2022,12.0,149.8,offensive,12.48,26.0,0.3431818181818182
WR,2022,17.0,210.5,offensive,12.38,27.0,0.32727272727272727
WR,2022,13.0,157.5,offensive,12.12,28.0,0.2909090909090909
WR,2022,17.0,206.0,offensive,12.12,28.0,0.2909090909090909
WR,2022,17.0,200.8,offensive,11.81,30.0,0.21818181818181817
WR,2022,15.0,176.8,offensive,11.79,31.0,0.21363636363636362
WR,2022,15.0,162.2,offensive,10.81,32.0,0.08181818181818182
WR,2022,16.0,171.2,offensive,10.7,33.0,0.06818181818181818
WR,2022,17.0,176.70000000000002,offensive,10.39,34.0,0.05454545454545454
WR,2022,17.0,174.0,offensive,10.24,35.0,0.05
WR,2022,6.0,60.5,offensive,10.08,36.0,0.04318181818181818
WR,2022,13.0,130.6,offensive,10.05,37.0,0.03636363636363636
WR,2022,15.0,150.4,offensive,10.03,38.0,0.031818181818181815
WR,2022,16.0,157.5,offensive,9.84,39.0,0.02727272727272727
WR,2022,16.0,157.12,offensive,9.82,40.0,0.022727272727272728
WR,2022,11.0,107.9,offensive,9.81,41.0,0.01818181818181818
WR,2022,11.0,104.4,offensive,9.49,42.0,0.013636363636363636
WR,2022,17.0,160.5,offensive,9.44,43.0,0.00909090909090909
WR,2022,14.0,129.5,offensive,9.25,44.0,0.004545454545454545
RB,2022,17.0,320.3,offensive,18.84,1.0,0.9454545454545454
RB,2022,16.0,277.76,offensive,17.36,2.0,0.9181818181818182
RB,2022,17.0,271.3,offensive,15.96,3.0,0.8636363636363636
RB,2022,17.0,264.4,offensive,15.55,4.0,0.8409090909090909
RB,2022,16.0,245.8,offensive,15.36,5.0,0.8181818181818182
RB,2022,7.0,106.1,offensive,15.16,6.0,0.8068181818181818
RB,2022,14.0,203.5,offensive,14.54,7.0,0.7727272727272727
RB,2022,17.0,244.3,offensive,14.37,8.0,0.7636363636363637
RB,2022,17.0,243.6,offensive,14.33,9.0,0.7545454545454545
RB,2022,16.0,221.00000000000003,offensive,13.81,10.0,0.7136363636363636
RB,2022,17.0,222.8,offensive,13.11,11.0,0.6454545454545455
RB,2022,17.0,216.86,offensive,12.76,12.0,0.6090909090909091
RB,2022,17.0,209.90000000000003,offensive,12.35,13.0,0.5909090909090909
RB,2022,13.0,160.2,offensive,12.32,14.0,0.5863636363636363
RB,2022,15.0,178.7,offensive,11.91,15.0,0.5454545454545454
RB,2022,16.0,189.1,offensive,11.82,16.0,0.5318181818181819
RB,2022,10.0,117.3,offensive,11.73,17.0,0.5227272727272727
RB,2022,13.0,152.4,offensive,11.72,18.0,0.5181818181818182
RB,2022,17.0,196.7,offensive,11.57,19.0,0.49772727272727274
RB,2022,15.0,173.5,offensive,11.57,19.0,0.49772727272727274
RB,2022,16.0,183.9,offensive,11.49,21.0,0.47954545454545455
RB,2022,15.0,168.8,offensive,11.25,22.0,0.46136363636363636
RB,2022,10.0,112.5,offensive,11.25,22.0,0.46136363636363636
RB,2022,17.0,186.1,offensive,10.95,24.0,0.44772727272727275
RB,2022,13.0,142.4,offensive,10.95,24.0,0.44772727272727275
RB,2022,11.0,116.4,offensive,10.58,26.0,0.43636363636363634
RB,2022,10.0,100.5,offensive,10.05,27.0,0.3840909090909091
RB,2022,4.0,40.2,offensive,10.05,27.0,0.3840909090909091
RB,2022,16.0,159.3,offensive,9.96,29.0,0.35454545454545455
RB,2022,17.0,165.9,offensive,9.76,30.0,0.33181818181818185
RB,2022,13.0,125.8,offensive,9.68,31.0,0.31136363636363634
RB,2022,16.0,153.70000000000002,offensive,9.61,32.0,0.28863636363636364
RB,2022,10.0,96.0,offensive,9.6,33.0,0.2818181818181818
RB,2022,16.0,153.4,offensive,9.59,34.0,0.2772727272727273
RB,2022,10.0,95.5,offensive,9.55,35.0,0.2727272727272727
RB,2022,16.0,152.10000000000002,offensive,9.51,36.0,0.2636363636363636
RB,2022,16.0,151.9,offensive,9.49,37.0,0.2545454545454545
RB,2022,11.0,104.2,offensive,9.47,38.0,0.25
RB,2022,15.0,139.9,offensive,9.33,39.0,0.2340909090909091
RB,2022,5.0,46.2,offensive,9.24,40.0,0.21363636363636362
RB,2022,5.0,42.3,offensive,8.46,41.0,0.1590909090909091
RB,2022,17.0,137.6,offensive,8.09,42.0,0.11363636363636363
RB,2022,16.0,120.0,offensive,7.5,43.0,0.04090909090909091
RB,2022,11.0,81.2,offensive,7.38,44.0,0.03636363636363636
IDP,2022,16.0,440.0,defensive,27.5,1.0,0.9545454545454546
IDP,2022,16.0,424.75,defensive,26.55,2.0,0.9
IDP,2022,19.0,500.25,defensive,26.33,3.0,0.8818181818181818
IDP,2022,11.0,285.5,defensive,25.95,4.0,0.8636363636363636
IDP,2022,7.0,176.25,defensive,25.18,5.0,0.8363636363636363
IDP,2022,20.0,496.0,defensive,24.8,6.0,0.8090909090909091
IDP,2022,17.0,407.0,defensive,23.94,7.0,0.740909090909091
IDP,2022,17.0,406.25,defensive,23.9,8.0,0.7272727272727273
IDP,2022,19.0,438.75,defensive,23.09,9.0,0.6909090909090909
IDP,2022,16.0,333.0,defensive,20.81,10.0,0.4727272727272727
IDP,2022,19.0,394.75,defensive,20.78,11.0,0.4636363636363636
IDP,2022,10.0,204.75,defensive,20.48,12.0,0.41818181818181815
IDP,2022,15.0,306.5,defensive,20.43,13.0,0.38181818181818183
IDP,2022,19.0,388.0,defensive,20.42,14.0,0.36363636363636365
IDP,2022,16.0,319.5,defensive,19.97,15.0,0.3
IDP,2022,9.0,178.0,defensive,19.78,16.0,0.24545454545454545
IDP,2022,17.0,335.0,defensive,19.71,17.0,0.22727272727272727
IDP,2022,16.0,310.25,defensive,19.39,18.0,0.17272727272727273
IDP,2022,13.0,251.75,defensive,19.37,19.0,0.14545454545454545
IDP,2022,13.0,250.25,defensive,19.25,20.0,0.1318181818181818
IDP,2022,11.0,210.25,defensive,19.11,21.0,0.1
IDP,2022,17.0,323.0,defensive,19.0,22.0,0.06363636363636363
K,2022,4.0,49.0,kicker,12.25,1.0,0.990909090909091
K,2022,16.0,170.0,kicker,10.62,2.0,0.9090909090909091
K,2022,17.0,169.0,kicker,9.94,3.0,0.8454545454545455
K,2022,17.0,168.0,kicker,9.88,4.0,0.8227272727272728
K,2022,15.0,142.0,kicker,9.47,5.0,0.7136363636363636
K,2022,17.0,161.0,kicker,9.47,5.0,0.7136363636363636
K,2022,17.0,154.0,kicker,9.06,7.0,0.5863636363636363
K,2022,17.0,150.0,kicker,8.82,8.0,0.5363636363636364
K,2022,16.0,141.0,kicker,8.81,9.0,0.5227272727272727
K,2022,12.0,103.0,kicker,8.58,10.0,0.44545454545454544
K,2022,17.0,144.0,kicker,8.47,11.0,0.37272727272727274
K,2022,10.0,84.0,kicker,8.4,12.0,0.3181818181818182
K,2022,17.0,142.0,kicker,8.35,13.0,0.29545454545454547
K,2022,17.0,140.0,kicker,8.24,14.0,0.22727272727272727
K,2022,17.0,139.0,kicker,8.18,15.0,0.20454545454545456
K,2022,12.0,97.0,kicker,8.08,16.0,0.16818181818181818
K,2022,17.0,137.0,kicker,8.06,17.0,0.14545454545454545
K,2022,17.0,137.0,kicker,8.06,17.0,0.14545454545454545
K,2022,16.0,128.0,kicker,8.0,19.0,0.11818181818181818
K,2022,17.0,136.0,kicker,8.0,19.0,0.11818181818181818
K,2022,17.0,135.0,kicker,7.94,21.0,0.09090909090909091
K,2022,5.0,39.0,kicker,7.8,22.0,0.05
D/ST,2022,17.0,178.0,team_defense,10.47,1.0,1.0
D/ST,2022,17.0,164.0,team_defense,9.65,2.0,0.9772727272727273
D/ST,2022,17.0,162.0,team_defense,9.53,3.0,0.9590909090909091
D/ST,2022,16.0,130.0,team_defense,8.12,4.0,0.7363636363636363
D/ST,2022,17.0,137.0,team_defense,8.06,5.0,0.7045454545454546
D/ST,2022,17.0,134.0,team_defense,7.88,6.0,0.6545454545454545
D/ST,2022,17.0,134.0,team_defense,7.88,6.0,0.6545454545454545
D/ST,2022,17.0,129.0,team_defense,7.59,8.0,0.5590909090909091
D/ST,2022,17.0,129.0,team_defense,7.59,8.0,0.5590909090909091
D/ST,2022,17.0,128.0,team_defense,7.53,10.0,0.5227272727272727
D/ST,2022,17.0,127.0,team_defense,7.47,11.0,0.4772727272727273
D/ST,2022,17.0,126.0,team_defense,7.41,12.0,0.43636363636363634
D/ST,2022,17.0,126.0,team_defense,7.41,12.0,0.43636363636363634
D/ST,2022,17.0,125.0,team_defense,7.35,14.0,0.4
D/ST,2022,17.0,125.0,team_defense,7.35,14.0,0.4
D/ST,2022,17.0,120.0,team_defense,7.06,16.0,0.33636363636363636
D/ST,2022,17.0,119.0,team_defense,7.0,17.0,0.3090909090909091
D/ST,2022,17.0,118.0,team_defense,6.94,18.0,0.2818181818181818
D/ST,2022,17.0,116.0,team_defense,6.82,19.0,0.22272727272727272
D/ST,2022,16.0,108.0,team_defense,6.75,20.0,0.20909090909090908
D/ST,2022,17.0,113.0,team_defense,6.65,21.0,0.17272727272727273
D/ST,2022,17.0,112.0,team_defense,6.59,22.0,0.1409090909090909
TE,2023,10.0,160.4,offensive,16.04,1.0,0.9515151515151515
TE,2023,17.0,263.3,offensive,15.49,2.0,0.9333333333333333
TE,2023,16.0,206.2,offensive,12.89,3.0,0.8848484848484849
TE,2023,15.0,182.4,offensive,12.16,4.0,0.8636363636363636
TE,2023,15.0,182.0,offensive,12.13,5.0,0.8545454545454545
TE,2023,15.0,174.10000000000002,offensive,11.61,6.0,0.8303030303030303
TE,2023,16.0,184.2,offensive,11.51,7.0,0.8242424242424242
TE,2023,13.0,143.9,offensive,11.07,8.0,0.7818181818181819
TE,2023,13.0,143.7,offensive,11.05,9.0,0.7696969696969697
TE,2023,13.0,131.1,offensive,10.08,10.0,0.6575757575757576
TE,2023,17.0,164.10000000000002,offensive,9.65,11.0,0.6060606060606061
TE,2023,17.0,156.3,offensive,9.19,12.0,0.5757575757575758
TE,2023,12.0,101.2,offensive,8.43,13.0,0.49696969696969695
TE,2023,6.0,47.1,offensive,7.85,14.0,0.44242424242424244
TE,2023,13.0,100.8,offensive,7.75,15.0,0.41818181818181815
TE,2023,13.0,98.5,offensive,7.58,16.0,0.4
TE,2023,17.0,126.5,offensive,7.44,17.0,0.37575757575757573
TE,2023,10.0,71.5,offensive,7.15,18.0,0.33636363636363636
TE,2023,16.0,113.8,offensive,7.11,19.0,0.31212121212121213
TE,2023,15.0,106.2,offensive,7.08,20.0,0.2878787878787879
TE,2023,16.0,113.2,offensive,7.08,20.0,0.2878787878787879
TE,2023,4.0,27.5,offensive,6.88,22.0,0.24545454545454545
TE,2023,17.0,116.3,offensive,6.84,23.0,0.23030303030303031
TE,2023,9.0,56.900000000000006,offensive,6.32,24.0,0.15151515151515152
TE,2023,8.0,49.2,offensive,6.15,25.0,0.12727272727272726
TE,2023,16.0,97.3,offensive,6.08,26.0,0.11818181818181818
TE,2023,15.0,88.1,offensive,5.87,27.0,0.07878787878787878
TE,2023,15.0,85.5,offensive,5.7,28.0,0.06666666666666667
TE,2023,13.0,71.4,offensive,5.49,29.0,0.04242424242424243
TE,2023,12.0,64.4,offensive,5.37,30.0,0.024242424242424242
TE,2023,13.0,68.1,offensive,5.24,31.0,0.01818181818181818
TE,2023,10.0,52.1,offensive,5.21,32.0,0.012121212121212121
TE,2023,10.0,50.7,offensive,5.07,33.0,0.006060606060606061
QB,2023,4.0,164.68,offensive,41.17,1.0,0.9181818181818182
QB,2023,17.0,622.8399999999999,offensive,36.64,2.0,0.7727272727272727
QB,2023,17.0,614.64,offensive,36.16,3.0,0.7545454545454545
QB,2023,8.0,287.74,offensive,35.97,4.0,0.7272727272727273
QB,2023,16.0,535.6,offensive,33.48,5.0,0.6818181818181818
QB,2023,17.0,559.06,offensive,32.89,6.0,0.6545454545454545
QB,2023,16.0,511.22,offensive,31.95,7.0,0.6090909090909091
QB,2023,17.0,532.8199999999999,offensive,31.34,8.0,0.5636363636363636
QB,2023,16.0,492.12,offensive,30.76,9.0,0.5454545454545454
QB,2023,17.0,521.1,offensive,30.65,10.0,0.5363636363636364
QB,2023,15.0,450.9,offensive,30.06,11.0,0.4909090909090909
QB,2023,15.0,448.02,offensive,29.87,12.0,0.45454545454545453
QB,2023,13.0,385.16,offensive,29.63,13.0,0.42727272727272725
QB,2023,15.0,431.1,offensive,28.74,14.0,0.4090909090909091
QB,2023,17.0,488.36,offensive,28.73,15.0,0.4
QB,2023,17.0,484.06,offensive,28.47,16.0,0.39090909090909093
QB,2023,11.0,308.44000000000005,offensive,28.04,17.0,0.37272727272727274
QB,2023,7.0,193.1,offensive,27.59,18.0,0.3181818181818182
QB,2023,10.0,265.16,offensive,26.52,19.0,0.18181818181818182
QB,2023,16.0,420.54,offensive,26.28,20.0,0.15454545454545454
QB,2023,17.0,429.12,offensive,25.24,21.0,0.13636363636363635
QB,2023,15.0,378.2600000000001,offensive,25.22,22.0,0.12727272727272726
WR,2023,16.0,403.4,offensive,25.21,1.0,0.9818181818181818
WR,2023,17.0,406.2,offensive,23.89,2.0,0.9727272727272728
WR,2023,7.0,151.0,offensive,21.57,3.0,0.9409090909090909
WR,2023,8.0,169.4,offensive,21.18,4.0,0.9272727272727272
WR,2023,17.0,353.5,offensive,20.79,5.0,0.9136363636363637
WR,2023,16.0,325.9,offensive,20.37,6.0,0.8863636363636364
WR,2023,13.0,256.86,offensive,19.76,7.0,0.8636363636363636
WR,2023,15.0,268.40000000000003,offensive,17.89,8.0,0.8181818181818182
WR,2023,15.0,261.7,offensive,17.45,9.0,0.8
WR,2023,10.0,168.1,offensive,16.81,10.0,0.7681818181818182
WR,2023,17.0,280.5,offensive,16.5,11.0,0.7454545454545455
WR,2023,15.0,236.62,offensive,15.77,12.0,0.6772727272727272
WR,2023,16.0,252.2,offensive,15.76,13.0,0.6727272727272727
WR,2023,16.0,247.4,offensive,15.46,14.0,0.6545454545454545
WR,2023,16.0,247.2,offensive,15.45,15.0,0.65
WR,2023,16.0,245.2,offensive,15.32,16.0,0.6409090909090909
WR,2023,17.0,259.6,offensive,15.27,17.0,0.6318181818181818
WR,2023,16.0,243.58,offensive,15.22,18.0,0.6272727272727273
WR,2023,17.0,257.5,offensive,15.15,19.0,0.6227272727272727
WR,2023,17.0,255.3,offensive,15.02,20.0,0.6045454545454545
WR,2023,17.0,250.8,offensive,14.75,21.0,0.5954545454545455
WR,2023,17.0,246.4,offensive,14.49,22.0,0.5772727272727273
WR,2023,16.0,224.6,offensive,14.04,23.0,0.5136363636363637
WR,2023,9.0,123.3,offensive,13.7,24.0,0.4818181818181818
WR,2023,16.0,213.5,offensive,13.34,25.0,0.45
WR,2023,15.0,199.0,offensive,13.27,26.0,0.4409090909090909
WR,2023,8.0,105.4,offensive,13.18,27.0,0.4318181818181818
WR,2023,8.0,105.0,offensive,13.12,28.0,0.41818181818181815
WR,2023,17.0,220.6,offensive,12.98,29.0,0.39545454545454545
WR,2023,11.0,140.6,offensive,12.78,30.0,0.38181818181818183
WR,2023,16.0,203.2,offensive,12.7,31.0,0.37272727272727274
WR,2023,16.0,196.3,offensive,12.27,32.0,0.31363636363636366
WR,2023,8.0,96.6,offensive,12.08,33.0,0.275
WR,2023,14.0,168.60000000000002,offensive,12.04,34.0,0.2590909090909091
WR,2023,17.0,203.4,offensive,11.96,35.0,0.24545454545454545
WR,2023,16.0,186.4,offensive,11.65,36.0,0.19545454545454546
WR,2023,16.0,185.4,offensive,11.59,37.0,0.18409090909090908
WR,2023,17.0,193.8,offensive,11.4,38.0,0.1590909090909091
WR,2023,10.0,112.8,offensive,11.28,39.0,0.14772727272727273
WR,2023,15.0,168.60000000000002,offensive,11.24,40.0,0.13636363636363635
WR,2023,9.0,100.4,offensive,11.16,41.0,0.1318181818181818
WR,2023,15.0,159.60000000000002,offensive,10.64,42.0,0.06363636363636363
WR,2023,12.0,125.26,offensive,10.44,43.0,0.05909090909090909
WR,2023,17.0,171.4,offensive,10.08,44.0,0.04318181818181818
RB,2023,16.0,402.3,offensive,25.14,1.0,1.0
RB,2023,9.0,176.9,offensive,19.66,2.0,0.9590909090909091
RB,2023,10.0,181.7,offensive,18.17,3.0,0.9409090909090909
RB,2023,15.0,270.7,offensive,18.05,4.0,0.9363636363636364
RB,2023,11.0,196.40000000000003,offensive,17.85,5.0,0.9318181818181818
RB,2023,8.0,133.7,offensive,16.71,6.0,0.9
RB,2023,14.0,222.2,offensive,15.87,7.0,0.8590909090909091
RB,2023,17.0,254.5,offensive,14.97,8.0,0.7954545454545454
RB,2023,17.0,247.0,offensive,14.53,9.0,0.7681818181818182
RB,2023,15.0,210.1,offensive,14.01,10.0,0.7363636363636363
RB,2023,17.0,237.9,offensive,13.99,11.0,0.7318181818181818
RB,2023,14.0,193.9,offensive,13.85,12.0,0.7204545454545455
RB,2023,17.0,234.66,offensive,13.8,13.0,0.7090909090909091
RB,2023,17.0,232.7,offensive,13.69,14.0,0.6977272727272728
RB,2023,17.0,232.4,offensive,13.67,15.0,0.6909090909090909
RB,2023,17.0,228.3,offensive,13.43,16.0,0.6863636363636364
RB,2023,17.0,227.2,offensive,13.36,17.0,0.6727272727272727
RB,2023,14.0,185.2,offensive,13.23,18.0,0.6636363636363637
RB,2023,15.0,198.1,offensive,13.21,19.0,0.6545454545454545
RB,2023,11.0,139.9,offensive,12.72,20.0,0.6045454545454545
RB,2023,15.0,180.4,offensive,12.03,21.0,0.5613636363636364
RB,2023,14.0,162.60000000000002,offensive,11.61,22.0,0.5045454545454545
RB,2023,13.0,136.1,offensive,10.47,23.0,0.42727272727272725
RB,2023,11.0,114.9,offensive,10.45,24.0,0.42272727272727273
RB,2023,16.0,166.3,offensive,10.39,25.0,0.41818181818181815
RB,2023,14.0,141.20000000000002,offensive,10.09,26.0,0.39545454545454545
RB,2023,17.0,171.0,offensive,10.06,27.0,0.39090909090909093
RB,2023,9.0,90.2,offensive,10.02,28.0,0.36818181818181817
RB,2023,6.0,60.0,offensive,10.0,29.0,0.36363636363636365
RB,2023,17.0,164.5,offensive,9.68,30.0,0.31136363636363634
RB,2023,12.0,115.36,offensive,9.61,31.0,0.28863636363636364
RB,2023,17.0,161.6,offensive,9.51,32.0,0.2636363636363636
RB,2023,16.0,152.20000000000002,offensive,9.51,32.0,0.2636363636363636
RB,2023,10.0,90.6,offensive,9.06,34.0,0.2
RB,2023,12.0,105.7,offensive,8.81,35.0,0.18181818181818182
RB,2023,16.0,139.2,offensive,8.7,36.0,0.17727272727272728
RB,2023,17.0,145.5,offensive,8.56,37.0,0.16818181818181818
RB,2023,17.0,143.34,offensive,8.43,38.0,0.15
RB,2023,17.0,139.5,offensive,8.21,39.0,0.1340909090909091
RB,2023,17.0,131.4,offensive,7.73,40.0,0.07045454545454545
RB,2023,17.0,129.6,offensive,7.62,41.0,0.045454545454545456
RB,2023,14.0,100.0,offensive,7.14,42.0,0.031818181818181815
RB,2023,17.0,109.8,offensive,6.46,43.0,0.01818181818181818
RB,2023,15.0,95.6,offensive,6.37,44.0,0.00909090909090909
IDP,2023,17.0,529.5,defensive,31.15,1.0,0.9818181818181818
IDP,2023,4.0,112.0,defensive,28.0,2.0,0.9636363636363636
IDP,2023,17.0,465.25,defensive,27.37,3.0,0.9454545454545454
IDP,2023,17.0,459.5,defensive,27.03,4.0,0.9272727272727272
IDP,2023,17.0,459.25,defensive,27.01,5.0,0.9181818181818182
IDP,2023,17.0,443.25,defensive,26.07,6.0,0.8727272727272727
IDP,2023,16.0,408.25,defensive,25.52,7.0,0.8454545454545455
IDP,2023,17.0,419.25,defensive,24.66,8.0,0.8
IDP,2023,16.0,391.5,defensive,24.47,9.0,0.7727272727272727
IDP,2023,8.0,194.5,defensive,24.31,10.0,0.7636363636363637
IDP,2023,17.0,384.75,defensive,22.63,11.0,0.6454545454545455
IDP,2023,20.0,425.0,defensive,21.25,12.0,0.5363636363636364
IDP,2023,16.0,339.75,defensive,21.23,13.0,0.5272727272727272
IDP,2023,19.0,402.25,defensive,21.17,14.0,0.509090909090909
IDP,2023,16.0,338.75,defensive,21.17,14.0,0.509090909090909
IDP,2023,20.0,412.25,defensive,20.61,16.0,0.44545454545454544
IDP,2023,17.0,349.5,defensive,20.56,17.0,0.43636363636363634
IDP,2023,10.0,205.5,defensive,20.55,18.0,0.42727272727272725
IDP,2023,16.0,322.75,defensive,20.17,19.0,0.32727272727272727
IDP,2023,18.0,355.0,defensive,19.72,20.0,0.23636363636363636
IDP,2023,19.0,373.25,defensive,19.64,21.0,0.2
IDP,2023,8.0,155.25,defensive,19.41,22.0,0.19090909090909092
K,2023,17.0,189.0,kicker,11.12,1.0,0.9454545454545454
K,2023,14.0,145.0,kicker,10.36,2.0,0.9
K,2023,15.0,152.0,kicker,10.13,3.0,0.8727272727272727
K,2023,12.0,117.0,kicker,9.75,4.0,0.8045454545454546
K,2023,17.0,162.0,kicker,9.53,5.0,0.7363636363636363
K,2023,17.0,162.0,kicker,9.53,5.0,0.7363636363636363
K,2023,17.0,159.0,kicker,9.35,7.0,0.6909090909090909
K,2023,17.0,157.0,kicker,9.24,8.0,0.6454545454545455
K,2023,17.0,157.0,kicker,9.24,8.0,0.6454545454545455
K,2023,17.0,157.0,kicker,9.24,8.0,0.6454545454545455
K,2023,8.0,73.0,kicker,9.12,11.0,0.6136363636363636
K,2023,17.0,155.0,kicker,9.12,11.0,0.6136363636363636
K,2023,17.0,149.0,kicker,8.76,13.0,0.509090909090909
K,2023,17.0,148.0,kicker,8.71,14.0,0.5
K,2023,17.0,145.0,kicker,8.53,15.0,0.42272727272727273
K,2023,16.0,135.0,kicker,8.44,16.0,0.35909090909090907
K,2023,17.0,143.0,kicker,8.41,17.0,0.3409090909090909
K,2023,17.0,142.0,kicker,8.35,18.0,0.29545454545454547
K,2023,17.0,136.0,kicker,8.0,19.0,0.11818181818181818
K,2023,17.0,135.0,kicker,7.94,20.0,0.09090909090909091
K,2023,16.0,127.0,kicker,7.94,20.0,0.09090909090909091
K,2023,17.0,133.0,kicker,7.82,22.0,0.06363636363636363
D/ST,2023,17.0,162.0,team_defense,9.53,1.0,0.9590909090909091
D/ST,2023,17.0,160.0,team_defense,9.41,2.0,0.9363636363636364
D/ST,2023,17.0,158.0,team_defense,9.29,3.0,0.9272727272727272
D/ST,2023,17.0,149.0,team_defense,8.76,4.0,0.8954545454545455
D/ST,2023,17.0,148.0,team_defense,8.71,5.0,0.8727272727272727
D/ST,2023,17.0,145.0,team_defense,8.53,6.0,0.8545454545454545
D/ST,2023,17.0,144.0,team_defense,8.47,7.0,0.8363636363636363
D/ST,2023,17.0,143.0,team_defense,8.41,8.0,0.8181818181818182
D/ST,2023,17.0,143.0,team_defense,8.41,8.0,0.8181818181818182
D/ST,2023,17.0,140.0,team_defense,8.24,10.0,0.7772727272727272
D/ST,2023,17.0,139.0,team_defense,8.18,11.0,0.759090909090909
D/ST,2023,17.0,138.0,team_defense,8.12,12.0,0.7363636363636363
D/ST,2023,17.0,136.0,team_defense,8.0,13.0,0.6772727272727272
D/ST,2023,17.0,128.0,team_defense,7.53,14.0,0.5227272727272727
D/ST,2023,17.0,125.0,team_defense,7.35,15.0,0.4
D/ST,2023,17.0,123.0,team_defense,7.24,16.0,0.38181818181818183
D/ST,2023,17.0,122.0,team_defense,7.18,17.0,0.36363636363636365
D/ST,2023,17.0,121.0,team_defense,7.12,18.0,0.35454545454545455
D/ST,2023,17.0,120.0,team_defense,7.06,19.0,0.33636363636363636
D/ST,2023,17.0,120.0,team_defense,7.06,19.0,0.33636363636363636
D/ST,2023,17.0,117.0,team_defense,6.88,21.0,0.25
D/ST,2023,17.0,117.0,team_defense,6.88,21.0,0.25
QB,2024,17.0,746.38,offensive,43.9,1.0,0.9818181818181818
QB,2024,17.0,704.82,offensive,41.46,2.0,0.9272727272727272
QB,2024,17.0,671.8,offensive,39.52,3.0,0.8727272727272727
QB,2024,16.0,588.34,offensive,36.77,4.0,0.7818181818181819
QB,2024,17.0,617.46,offensive,36.32,5.0,0.7636363636363637
QB,2024,17.0,579.96,offensive,34.12,6.0,0.6909090909090909
QB,2024,17.0,554.2,offensive,32.6,7.0,0.6454545454545455
QB,2024,17.0,539.82,offensive,31.75,8.0,0.5909090909090909
QB,2024,16.0,486.02,offensive,30.38,9.0,0.5272727272727272
QB,2024,10.0,302.92,offensive,30.29,10.0,0.5181818181818182
QB,2024,15.0,451.12,offensive,30.07,11.0,0.5
QB,2024,15.0,419.86,offensive,27.99,12.0,0.36363636363636365
QB,2024,15.0,418.86,offensive,27.92,13.0,0.34545454545454546
QB,2024,7.0,195.04,offensive,27.86,14.0,0.33636363636363636
QB,2024,17.0,470.58,offensive,27.68,15.0,0.32727272727272727
QB,2024,11.0,298.78,offensive,27.16,16.0,0.2545454545454545
QB,2024,17.0,455.4,offensive,26.79,17.0,0.21818181818181817
QB,2024,17.0,455.24,offensive,26.78,18.0,0.20909090909090908
QB,2024,10.0,262.9,offensive,26.29,19.0,0.16363636363636364
QB,2024,8.0,198.52,offensive,24.82,20.0,0.08181818181818182
QB,2024,17.0,416.0,offensive,24.47,21.0,0.06363636363636363
QB,2024,17.0,398.54,offensive,23.44,22.0,0.03636363636363636
TE,2024,17.0,263.8,offensive,15.52,1.0,0.9393939393939394
TE,2024,12.0,163.9,offensive,13.66,2.0,0.9121212121212121
TE,2024,17.0,228.3,offensive,13.43,3.0,0.896969696969697
TE,2024,11.0,134.5,offensive,12.23,4.0,0.8727272727272727
TE,2024,16.0,194.6,offensive,12.16,5.0,0.8636363636363636
TE,2024,17.0,200.7,offensive,11.81,6.0,0.8424242424242424
TE,2024,5.0,58.12,offensive,11.62,7.0,0.8363636363636363
TE,2024,17.0,193.3,offensive,11.37,8.0,0.8
TE,2024,17.0,185.4,offensive,10.91,9.0,0.7636363636363637
TE,2024,17.0,183.5,offensive,10.79,10.0,0.7454545454545455
TE,2024,15.0,153.7,offensive,10.25,11.0,0.6818181818181818
TE,2024,16.0,154.8,offensive,9.68,12.0,0.6121212121212121
TE,2024,5.0,45.5,offensive,9.1,13.0,0.5696969696969697
TE,2024,14.0,121.6,offensive,8.69,14.0,0.5212121212121212
TE,2024,15.0,129.3,offensive,8.62,15.0,0.5151515151515151
TE,2024,9.0,74.1,offensive,8.23,16.0,0.48787878787878786
TE,2024,16.0,129.3,offensive,8.08,17.0,0.4666666666666667
TE,2024,15.0,117.4,offensive,7.83,18.0,0.4303030303030303
TE,2024,16.0,124.4,offensive,7.78,19.0,0.42424242424242425
TE,2024,10.0,77.2,offensive,7.72,20.0,0.4121212121212121
TE,2024,16.0,116.9,offensive,7.31,21.0,0.36666666666666664
TE,2024,17.0,124.2,offensive,7.31,21.0,0.36666666666666664
TE,2024,15.0,102.8,offensive,6.85,23.0,0.23636363636363636
TE,2024,14.0,94.5,offensive,6.75,24.0,0.20909090909090908
TE,2024,16.0,101.4,offensive,6.34,25.0,0.15757575757575756
TE,2024,16.0,100.5,offensive,6.28,26.0,0.14242424242424243
TE,2024,13.0,78.80000000000001,offensive,6.06,27.0,0.10909090909090909
TE,2024,9.0,52.5,offensive,5.83,28.0,0.07272727272727272
TE,2024,15.0,84.1,offensive,5.61,29.0,0.06060606060606061
TE,2024,10.0,55.400000000000006,offensive,5.54,30.0,0.05454545454545454
TE,2024,17.0,93.6,offensive,5.51,31.0,0.048484848484848485
TE,2024,12.0,65.5,offensive,5.46,32.0,0.03333333333333333
TE,2024,12.0,65.5,offensive,5.46,32.0,0.03333333333333333
WR,2024,17.0,466.0,offensive,27.41,1.0,0.9863636363636363
WR,2024,17.0,387.18,offensive,22.78,2.0,0.9636363636363636
WR,2024,12.0,267.1,offensive,22.26,3.0,0.9545454545454546
WR,2024,14.0,288.4,offensive,20.6,4.0,0.9
WR,2024,7.0,143.8,offensive,20.54,5.0,0.8909090909090909
WR,2024,17.0,339.8,offensive,19.99,6.0,0.8772727272727273
WR,2024,7.0,136.4,offensive,19.49,7.0,0.8590909090909091
WR,2024,8.0,154.3,offensive,19.29,8.0,0.8545454545454545
WR,2024,17.0,322.48,offensive,18.97,9.0,0.8363636363636363
WR,2024,17.0,303.0,offensive,17.82,10.0,0.8136363636363636
WR,2024,13.0,229.9,offensive,17.68,11.0,0.8090909090909091
WR,2024,15.0,253.5,offensive,16.9,12.0,0.7772727272727272
WR,2024,12.0,199.7,offensive,16.64,13.0,0.75
WR,2024,17.0,272.8,offensive,16.05,14.0,0.7272727272727273
WR,2024,15.0,240.6,offensive,16.04,15.0,0.7227272727272728
WR,2024,13.0,205.7,offensive,15.82,16.0,0.6818181818181818
WR,2024,16.0,251.3,offensive,15.71,17.0,0.6636363636363637
WR,2024,13.0,199.0,offensive,15.31,18.0,0.6363636363636364
WR,2024,10.0,150.5,offensive,15.05,19.0,0.6090909090909091
WR,2024,15.0,220.4,offensive,14.69,20.0,0.5909090909090909
WR,2024,16.0,233.6,offensive,14.6,21.0,0.5840909090909091
WR,2024,15.0,213.7,offensive,14.25,22.0,0.5386363636363637
WR,2024,11.0,154.9,offensive,14.08,23.0,0.5181818181818182
WR,2024,13.0,182.4,offensive,14.03,24.0,0.509090909090909
WR,2024,6.0,83.8,offensive,13.97,25.0,0.5022727272727273
WR,2024,8.0,108.92,offensive,13.62,26.0,0.4727272727272727
WR,2024,15.0,197.5,offensive,13.17,27.0,0.425
WR,2024,17.0,222.9,offensive,13.11,28.0,0.41363636363636364
WR,2024,15.0,196.4,offensive,13.09,29.0,0.4068181818181818
WR,2024,17.0,222.5,offensive,13.09,29.0,0.4068181818181818
WR,2024,8.0,102.1,offensive,12.76,31.0,0.37727272727272726
WR,2024,17.0,215.0,offensive,12.65,32.0,0.36363636363636365
WR,2024,17.0,214.0,offensive,12.59,33.0,0.35909090909090907
WR,2024,16.0,200.4,offensive,12.52,34.0,0.35454545454545455
WR,2024,16.0,196.2,offensive,12.26,35.0,0.3090909090909091
WR,2024,13.0,157.60000000000002,offensive,12.12,36.0,0.2909090909090909
WR,2024,15.0,181.2,offensive,12.08,37.0,0.275
WR,2024,17.0,204.1,offensive,12.01,38.0,0.2545454545454545
WR,2024,17.0,203.2,offensive,11.95,39.0,0.2409090909090909
WR,2024,14.0,164.20000000000002,offensive,11.73,40.0,0.2
WR,2024,16.0,185.2,offensive,11.58,41.0,0.17727272727272728
WR,2024,17.0,188.9,offensive,11.11,42.0,0.11818181818181818
WR,2024,17.0,183.5,offensive,10.79,43.0,0.07727272727272727
WR,2024,17.0,183.0,offensive,10.76,44.0,0.07272727272727272
RB,2024,16.0,338.3,offensive,21.14,1.0,0.9818181818181818
RB,2024,17.0,343.40000000000003,offensive,20.2,2.0,0.9681818181818181
RB,2024,17.0,334.8,offensive,19.69,3.0,0.9636363636363636
RB,2024,17.0,291.9,offensive,17.17,4.0,0.9136363636363637
RB,2024,17.0,288.7,offensive,16.98,5.0,0.9090909090909091
RB,2024,14.0,230.7,offensive,16.48,6.0,0.8863636363636364
RB,2024,16.0,258.1,offensive,16.13,7.0,0.8727272727272727
RB,2024,16.0,256.70000000000005,offensive,16.04,8.0,0.8681818181818182
RB,2024,17.0,265.1,offensive,15.59,9.0,0.8454545454545455
RB,2024,14.0,217.3,offensive,15.52,10.0,0.8340909090909091
RB,2024,14.0,216.50000000000003,offensive,15.46,11.0,0.8272727272727273
RB,2024,16.0,245.0,offensive,15.31,12.0,0.8136363636363636
RB,2024,15.0,220.6,offensive,14.71,13.0,0.7863636363636364
RB,2024,15.0,206.6,offensive,13.77,14.0,0.7045454545454546
RB,2024,14.0,191.72,offensive,13.69,15.0,0.6977272727272728
RB,2024,16.0,210.8,offensive,13.18,16.0,0.65
RB,2024,11.0,143.20000000000002,offensive,13.02,17.0,0.6363636363636364
RB,2024,16.0,207.90000000000003,offensive,12.99,18.0,0.6318181818181818
RB,2024,11.0,137.0,offensive,12.45,19.0,0.6
RB,2024,17.0,208.6,offensive,12.27,20.0,0.5818181818181818
RB,2024,16.0,192.8,offensive,12.05,21.0,0.5681818181818182
RB,2024,17.0,195.4,offensive,11.49,22.0,0.47954545454545455
RB,2024,17.0,168.60000000000002,offensive,9.92,23.0,0.3431818181818182
RB,2024,14.0,137.8,offensive,9.84,24.0,0.33636363636363636
RB,2024,16.0,155.70000000000002,offensive,9.73,25.0,0.32727272727272727
RB,2024,5.0,48.400000000000006,offensive,9.68,26.0,0.31136363636363634
RB,2024,17.0,164.5,offensive,9.68,26.0,0.31136363636363634
RB,2024,11.0,106.2,offensive,9.65,28.0,0.29545454545454547
RB,2024,13.0,121.5,offensive,9.35,29.0,0.2409090909090909
RB,2024,13.0,121.2,offensive,9.32,30.0,0.22727272727272727
RB,2024,10.0,90.5,offensive,9.05,31.0,0.19545454545454546
RB,2024,17.0,150.3,offensive,8.84,32.0,0.19090909090909092
RB,2024,17.0,150.10000000000002,offensive,8.83,33.0,0.18636363636363637
RB,2024,8.0,68.9,offensive,8.61,34.0,0.17272727272727273
RB,2024,16.0,135.10000000000002,offensive,8.44,35.0,0.15454545454545454
RB,2024,12.0,99.9,offensive,8.33,36.0,0.14545454545454545
RB,2024,11.0,90.1,offensive,8.19,37.0,0.12727272727272726
RB,2024,15.0,118.6,offensive,7.91,38.0,0.09090909090909091
RB,2024,12.0,93.6,offensive,7.8,39.0,0.08181818181818182
RB,2024,15.0,116.0,offensive,7.73,40.0,0.07045454545454545
RB,2024,14.0,97.0,offensive,6.93,41.0,0.02727272727272727
RB,2024,6.0,40.0,offensive,6.67,42.0,0.022727272727272728
RB,2024,17.0,109.7,offensive,6.45,43.0,0.013636363636363636
RB,2024,11.0,69.69999999999999,offensive,6.34,44.0,0.004545454545454545
IDP,2024,5.0,208.25,defensive,41.65,1.0,1.0
IDP,2024,17.0,464.0,defensive,27.29,2.0,0.9363636363636364
IDP,2024,15.0,396.0,defensive,26.4,3.0,0.8909090909090909
IDP,2024,15.0,376.0,defensive,25.07,4.0,0.8181818181818182
IDP,2024,13.0,320.25,defensive,24.63,5.0,0.7909090909090909
IDP,2024,4.0,95.75,defensive,23.94,6.0,0.740909090909091
IDP,2024,16.0,380.0,defensive,23.75,7.0,0.7181818181818181
IDP,2024,18.0,412.75,defensive,22.93,8.0,0.6681818181818182
IDP,2024,15.0,322.75,defensive,21.52,9.0,0.5727272727272728
IDP,2024,13.0,276.5,defensive,21.27,10.0,0.55
IDP,2024,18.0,381.0,defensive,21.17,11.0,0.509090909090909
IDP,2024,17.0,354.0,defensive,20.82,12.0,0.4818181818181818
IDP,2024,11.0,223.5,defensive,20.32,13.0,0.35454545454545455
IDP,2024,8.0,162.0,defensive,20.25,14.0,0.34545454545454546
IDP,2024,12.0,239.5,defensive,19.96,15.0,0.2863636363636364
IDP,2024,18.0,359.25,defensive,19.96,15.0,0.2863636363636364
IDP,2024,6.0,119.5,defensive,19.92,17.0,0.2727272727272727
IDP,2024,16.0,316.75,defensive,19.8,18.0,0.2545454545454545
IDP,2024,15.0,295.5,defensive,19.7,19.0,0.21818181818181817
IDP,2024,16.0,305.5,defensive,19.09,20.0,0.09090909090909091
IDP,2024,18.0,343.25,defensive,19.07,21.0,0.08181818181818182
IDP,2024,5.0,94.0,defensive,18.8,22.0,0.05454545454545454
K,2024,9.0,113.0,kicker,12.56,1.0,1.0
K,2024,17.0,205.0,kicker,12.06,2.0,0.9818181818181818
K,2024,17.0,202.0,kicker,11.88,3.0,0.9727272727272728
K,2024,4.0,45.0,kicker,11.25,4.0,0.9545454545454546
K,2024,16.0,177.0,kicker,11.06,5.0,0.9318181818181818
K,2024,17.0,182.0,kicker,10.71,6.0,0.9181818181818182
K,2024,13.0,133.0,kicker,10.23,7.0,0.8818181818181818
K,2024,17.0,172.0,kicker,10.12,8.0,0.8636363636363636
K,2024,17.0,169.0,kicker,9.94,9.0,0.8454545454545455
K,2024,13.0,126.0,kicker,9.69,10.0,0.7863636363636364
K,2024,17.0,163.0,kicker,9.59,11.0,0.7636363636363637
K,2024,17.0,162.0,kicker,9.53,12.0,0.7363636363636363
K,2024,11.0,101.0,kicker,9.18,13.0,0.6272727272727273
K,2024,6.0,52.0,kicker,8.67,14.0,0.4772727272727273
K,2024,17.0,146.0,kicker,8.59,15.0,0.45454545454545453
K,2024,17.0,145.0,kicker,8.53,16.0,0.42272727272727273
K,2024,4.0,34.0,kicker,8.5,17.0,0.39545454545454545
K,2024,14.0,119.0,kicker,8.5,17.0,0.39545454545454545
K,2024,16.0,136.0,kicker,8.5,17.0,0.39545454545454545
K,2024,17.0,143.0,kicker,8.41,20.0,0.3409090909090909
K,2024,5.0,42.0,kicker,8.4,21.0,0.3181818181818182
K,2024,16.0,133.0,kicker,8.31,22.0,0.2727272727272727
D/ST,2024,17.0,165.0,team_defense,9.71,1.0,0.990909090909091
D/ST,2024,17.0,149.0,team_defense,8.76,2.0,0.8954545454545455
D/ST,2024,17.0,148.0,team_defense,8.71,3.0,0.8727272727272727
D/ST,2024,17.0,148.0,team_defense,8.71,3.0,0.8727272727272727
D/ST,2024,17.0,143.0,team_defense,8.41,5.0,0.8181818181818182
D/ST,2024,17.0,140.0,team_defense,8.24,6.0,0.7772727272727272
D/ST,2024,17.0,133.0,team_defense,7.82,7.0,0.6363636363636364
D/ST,2024,17.0,127.0,team_defense,7.47,8.0,0.4772727272727273
D/ST,2024,17.0,127.0,team_defense,7.47,8.0,0.4772727272727273
D/ST,2024,17.0,126.0,team_defense,7.41,10.0,0.43636363636363634
D/ST,2024,17.0,119.0,team_defense,7.0,11.0,0.3090909090909091
D/ST,2024,17.0,118.0,team_defense,6.94,12.0,0.2818181818181818
D/ST,2024,17.0,117.0,team_defense,6.88,13.0,0.25
D/ST,2024,17.0,117.0,team_defense,6.88,13.0,0.25
D/ST,2024,17.0,114.0,team_defense,6.71,15.0,0.2
D/ST,2024,17.0,113.0,team_defense,6.65,16.0,0.17272727272727273
D/ST,2024,17.0,113.0,team_defense,6.65,16.0,0.17272727272727273
D/ST,2024,17.0,111.0,team_defense,6.53,18.0,0.10909090909090909
D/ST,2024,17.0,111.0,team_defense,6.53,18.0,0.10909090909090909
D/ST,2024,17.0,108.0,team_defense,6.35,20.0,0.05
D/ST,2024,17.0,108.0,team_defense,6.35,20.0,0.05
D/ST,2024,17.0,108.0,team_defense,6.35,20.0,0.05
